<?xml version="1.0" encoding="UTF-8"?>
<configuration scan="true">
    <!-- use Spring default values -->
    <include resource="org/springframework/boot/logging/logback/defaults.xml"/>

    <property name="LOGS" value="./logs" />

    <appender name="Console" class="ch.qos.logback.core.ConsoleAppender">
        <encoder>
            <pattern>${CONSOLE_LOG_PATTERN}</pattern>
            <charset>utf8</charset>
        </encoder>
    </appender>

    <appender name="RollingFile" class="ch.qos.logback.core.rolling.RollingFileAppender">
        <file>${LOGS}/spring-boot-logger.log</file>
        <encoder class="ch.qos.logback.classic.encoder.PatternLayoutEncoder">
            <Pattern>%d %p %C{1.} [%t] %m%n</Pattern>
        </encoder>

        <rollingPolicy
                class="ch.qos.logback.core.rolling.TimeBasedRollingPolicy">
            <!-- rollover daily and when the file reaches 10 MegaBytes -->
            <fileNamePattern>${LOGS}/archived/spring-boot-logger-%d{yyyy-MM-dd}.%i.log
            </fileNamePattern>
            <timeBasedFileNamingAndTriggeringPolicy
                    class="ch.qos.logback.core.rolling.SizeAndTimeBasedFNATP">
                <maxFileSize>10MB</maxFileSize>
            </timeBasedFileNamingAndTriggeringPolicy>
        </rollingPolicy>
    </appender>

    <!-- LOG everything at INFO level -->
    <root level="info">
        <appender-ref ref="RollingFile" />
        <appender-ref ref="Console" />
    </root>

</configuration>